accent aigu : Ctrl + 4 ' { enchaîné de Maj + e donne É (à adapter pour obtenir á, é, í, ó, ú, ý, Á, É, Í, Ó, Ú, Ý, ð, Ð)
cédille : Ctrl + ? , enchaîné de Maj + c donne Ç (de même pour ç Ç)
ligature :Ctrl + & + o = œ (de même pour æ œ Æ Œ)
rond en chef : Ctrl + Alt + 0 à @ + a = å (de même pour å Å)
eszett : Ctrl + & + s = ß
tréma : Ctrl + : / + a = ä (de même pour ä ë ï ö ü ÿ Ä Ë Ï Ö Ü Ÿ) Ÿ peut donc être obtenu
barré : Ctrl + : / enchaîné de Maj + o = Ø (de même pour ø Ø)
tilde : Alt Gr + Tilde + a = ã (de même pour ã ñ õ Ã Ñ Õ)
Ctrl + Alt + Maj + ? = ¿
Ctrl + Alt + ! = ¡
Par les codes Unicode (en hexadécimal) : 00C9 + Alt + c = É. L'inverse fonctionne également : É + Alt + c = 00C9
Le raccourci Maj + F3 permet de modifier la casse d'un texte sélectionné. En maintenant la touche Maj, et appuyant successivement sur F3, on obtient dans l'ordre : tout en majuscules, tout en minuscules, 1re lettre de chaque mot en majuscule et le reste en minuscules, puis de nouveau tout en majuscules…